seller_id,business_segment,lead_type,origin,seller_segment_group,is_manufacturer
2c43fb513632d29b3b58df74816f1b06,pet,online_medium,organic_search,Other,0
bbb7d7893a450660432ea6652310ebb7,car_accessories,industry,referral,Auto,1
612170e34b97004b3ba37eae81836b4c,home_appliances,online_big,organic_search,Home_Goods,0
21e1781e36faf92725dde4730a88ca0f,food_drink,online_small,paid_search,Other,0
ed8cb7b190ceb6067227478e48cf8dde,home_appliances,industry,unknown,Home_Goods,1
1c742ac33582852aaf3bcfbf5893abcf,health_beauty,online_medium,organic_search,Health_Beauty,0
92d7568ad0c5c76fd7d341b2d46f24d6,computers,online_medium,direct_traffic,Tech,0
44ed138eca6214d572ce1d813fb0049b,health_beauty,offline,unknown,Health_Beauty,0
0b28859cd04d23edefee9c591fb03cd8,household_utilities,offline,social,Home_Goods,0
87d73636a3acf123e842bb890a4db036,household_utilities,online_medium,paid_search,Home_Goods,0
f7a0d94e966c5665355a182d5b199fcf,construction_tools_house_garden,online_medium,social,Home_Goods,0
b566ab0ef88016e00422755e305103c6,construction_tools_house_garden,online_big,paid_search,Home_Goods,0
2d2322d842118867781fc737e96d59a1,household_utilities,online_medium,direct_traffic,Home_Goods,0
e7012030d0fdd1d3ca504f6de7909c35,toys,online_big,direct_traffic,Other,0
9e7c5f4d7770eab65738cca38f9efccf,sports_leisure,online_medium,paid_search,Other,0
6a6b1614baaaf766293c17d8cb8c5a9d,stationery,industry,social,Other,1
df91910b6a03bb2e3358fa6a35e32f6f,food_drink,online_medium,referral,Other,0
92d46311e4fa7583d14c351fdc881af6,food_supplement,industry,organic_search,Other,1
249f0e9905a6e06ad6c6bea7547ab9f6,home_decor,online_medium,organic_search,Home_Goods,0
b494891378bd8f4560abe576c52deacd,health_beauty,online_top,organic_search,Health_Beauty,0
8c45b4bc4b5c1e2a4e789b4466a39b77,bed_bath_table,offline,organic_search,Other,0
49f6ca9231352dedda1ad1176ce70531,health_beauty,online_small,social,Health_Beauty,0
7d13fca15225358621be4086e1eb0964,watches,online_big,unknown,Other,0
efa89b428cbc422ba9313b4fc6feafc7,fashion_accessories,online_beginner,unknown,Other,0
cb3666965a560e723403683bd378a5f7,jewerly,online_medium,direct_traffic,Other,0
e819bcfade7b5d88a27325eb6cfd62c5,home_decor,industry,organic_search,Home_Goods,1
70c27847eca8195c983ed7e798c56743,pet,online_small,social,Other,0
556a6409838156ea299c9d1f9e2dde43,household_utilities,industry,paid_search,Home_Goods,1
a4fc6eadaff1576af888509a53420f6a,computers,online_beginner,paid_search,Tech,0
0975b0dd18febd1008391fa53dff0891,party,online_medium,organic_search,Other,0
4fae87d32467e18eb46e4a76a0a0b9ce,small_appliances,online_medium,organic_search,Other,0
3525be8392a4fa3274c459bcfee41eef,food_supplement,online_small,unknown,Other,0
8b181ee5518df84f18f4e1a43fe07923,health_beauty,online_medium,unknown,Health_Beauty,0
d594982fd877af63ace38ea1fca27c76,audio_video_electronics,industry,organic_search,Other,1
2f1e89e231b096f4ff1f55dfe8607a7b,computers,online_medium,paid_search,Tech,0
90269579385b838ce9bd577dcec278a4,pet,industry,paid_search,Other,1
398cb257329ef7af7f1943a8974a3cbc,food_drink,online_medium,organic_search,Other,0
d65f74c704563bcb8baa915fbf8cfa1e,health_beauty,online_medium,unknown,Health_Beauty,0
26e2c91ef821e1ff8985f408788fe35b,bed_bath_table,online_beginner,direct_traffic,Other,0
dedcab67899479e4ea5dcc4eba47f587,car_accessories,online_medium,unknown,Auto,0
ca4b77513ac2040591b0d8fae6958380,health_beauty,online_medium,social,Health_Beauty,0
cee3c487c56d29554a22d112af618301,other,other,organic_search,Other,0
ae9d6bb89361dff26edbccc7e1c2911d,fashion_accessories,online_beginner,organic_search,Other,0
da3eab58892c04039f4cd5ecb09ae260,home_decor,offline,unknown,Home_Goods,0
6e4a902d1054e4e17aa6eab87fac1c75,audio_video_electronics,offline,direct_traffic,Other,0
2d42ebcda99fd55f6f4bc2f1ca035d50,home_decor,online_big,social,Home_Goods,0
04843805947f0fc584fc1969b6e50fe7,home_decor,online_big,social,Home_Goods,0
d9d057968270cdb30c14cba606d5dc90,car_accessories,online_medium,unknown,Auto,0
d4dcd3a31f5f19aea2f258a568517a4f,food_drink,industry,organic_search,Other,1
28760737b4b82d4479ddff8db5e9f71f,pet,online_medium,unknown,Other,0
0dccb6973ef48a00fbcccfe907181ab0,food_supplement,online_beginner,organic_search,Other,0
751e274377499a8503fd6243ad9c56f6,audio_video_electronics,online_big,paid_search,Other,0
93a55b2252867fd7df54c78cbd5c6d95,construction_tools_house_garden,offline,unknown,Home_Goods,0
1185ae3e5ac0463c854dad54fc8fc9e1,bags_backpacks,industry,unknown,Other,1
2646baaf662d4d92ac48f047e35db92d,construction_tools_house_garden,online_medium,unknown,Home_Goods,0
e433f5fd4050e3352b5d83522b7fe24b,construction_tools_house_garden,online_medium,organic_search,Home_Goods,0
5cc5fe3c6e303fb7656ee7b0ca21ed58,jewerly,online_small,social,Other,0
dc64d75cc406bb0697be983831430e60,audio_video_electronics,online_small,organic_search,Other,0
08d1c9478fb0d7d7fcac9c0da4e82fc7,home_decor,online_medium,paid_search,Home_Goods,0
5181ea7b0d346ed14c5c07f0ff22b2b4,toys,online_big,paid_search,Other,0
ee2fbacc2fc3794e656cc4d933d59ce7,small_appliances,online_big,unknown,Other,0
7fc87cc3e89b3d1d5cabdca32f8485aa,home_office_furniture,offline,paid_search,Home_Goods,0
eba08391609dfda5c016fdd264f9383b,home_decor,online_medium,organic_search,Home_Goods,0
8b3317388df29d5fa94360a486ad3356,car_accessories,online_medium,organic_search,Auto,0
134285d1f41da5c13a756ee8142c8a4e,car_accessories,online_big,paid_search,Auto,0
e9e446d01bd10a97a8ffcfc4a3a20cb2,health_beauty,online_medium,social,Health_Beauty,0
6061155addc1e54b4cfb51c1c2a32ad8,pet,online_small,organic_search,Other,0
bba8d0c234a52b87b3957037a215d1a4,home_decor,online_small,direct_traffic,Home_Goods,0
044668ccd5316b12a7cf0d54a156e3e9,food_drink,offline,unknown,Other,0
fc813dd7e04b8a1c9c10e8e9c10cd5f9,music_instruments,industry,paid_search,Other,1
922f6795c9e65f2485d4e63af76586ff,bed_bath_table,online_medium,paid_search,Other,0
224167f6e956da2f71c0e8dbdaa8bbf0,computers,offline,unknown,Tech,0
30a81d8cf85fb2ada1b1b094c9583a95,pet,online_top,unknown,Other,0
7e417525a6ce49b708fd384e580fe3c4,home_decor,online_medium,paid_search,Home_Goods,0
b6cac2bb2d83cae903e336e6a993c795,car_accessories,online_big,unknown,Auto,0
0ddefe3c7a032b91f4e25b9c3a08fca1,household_utilities,online_small,paid_search,Home_Goods,0
45dfe11016c782d99a19f93dd34c300d,car_accessories,online_medium,unknown,Auto,0
6f835fd4be26989b1b064399da346143,audio_video_electronics,online_medium,unknown,Other,0
3e35a8bb43569389d3cebef0ce820f69,food_drink,industry,unknown,Other,1
a7d0f8dd44f57ef6de7f7f02e3d82630,health_beauty,online_medium,email,Health_Beauty,0
a663d9c3797e90eac99ff60939416a56,computers,online_beginner,unknown,Tech,0
2aef4c8187ab057d6f1b7e0e636aa481,construction_tools_house_garden,online_beginner,unknown,Home_Goods,0
8e3338430e8b66d28aa88fa892a00063,home_decor,online_small,unknown,Home_Goods,0
3084dcdea01fe4f2d556540e6b2e873d,construction_tools_house_garden,industry,organic_search,Home_Goods,1
a213f1bd6458f4a158f3746cb2514559,computers,online_beginner,paid_search,Tech,0
a56e351445e5863fc8960640ba9190c7,home_decor,online_small,direct_traffic,Home_Goods,0
9d590e1df0faffd9ceaa1f0f0ea9af2f,audio_video_electronics,online_medium,organic_search,Other,0
f49987b20beada69981c57899ffd1095,home_office_furniture,online_medium,email,Home_Goods,0
5cb4a72356883c59790dc8309cddea2f,home_decor,online_medium,unknown,Home_Goods,0
fcdd820084f17e9982427971e4e9d47f,household_utilities,online_big,unknown,Home_Goods,0
131fcb0a0c9a47bba4474aacff0f14b7,home_appliances,online_medium,paid_search,Home_Goods,0
3d5d0dc7073a299e31fa718ce1bc00b6,health_beauty,online_medium,paid_search,Health_Beauty,0
0db0dce302e414422ed38aabd133ae04,food_supplement,industry,social,Other,1
3492e68f37fd1df87f4f2f2ea247f445,car_accessories,online_medium,organic_search,Auto,0
ba143b05f0110f0dc71ad71b4466ce92,books,online_big,paid_search,Other,0
309405cfad0d11cd1ec6bb5d02c70c6b,construction_tools_house_garden,online_big,unknown,Home_Goods,0
e52d2f15bba4aff8a1e2bd12b40fdfbc,household_utilities,Unknown,unknown,Home_Goods,0
f4009c6b30765309a251c26bc458e0e5,stationery,industry,organic_search,Other,1
11fb6f6d341adbe19e81733701704635,home_decor,online_medium,paid_search,Home_Goods,0
42fac6337d0f14ecdc18a82bfe6dd076,household_utilities,industry,direct_traffic,Home_Goods,1
e0cfd7ece071eb006b1670ea64d0904e,construction_tools_house_garden,offline,organic_search,Home_Goods,0
841fba8f46ab4edd1bb086f53735000e,car_accessories,online_top,organic_search,Auto,0
a333655afd62d4ef51f55ac7c58abb34,car_accessories,online_big,paid_search,Auto,0
ade45994b717ccee333492330fbf037b,audio_video_electronics,online_big,social,Other,0
784fca1939f4ad6c73be249a80b17d18,baby,online_small,paid_search,Other,0
da6a60cc8cc724fe51be021ff8be779c,books,online_big,organic_search,Other,0
6e985a12b7b98f0a15b7bf90cc882f61,home_office_furniture,industry,Unknown,Home_Goods,1
a69aa24cec11168e7e39a3fbc727e925,health_beauty,online_big,organic_search,Health_Beauty,0
faf3ee2764599d114d7e8f25d4c19845,home_decor,online_big,social,Home_Goods,0
6025c79c035c3d772133b8b8238463b2,car_accessories,online_medium,unknown,Auto,0
e1643dff33666ca629e3644c02738179,household_utilities,offline,paid_search,Home_Goods,0
cc63f0dd2acba93ffed4fe9f8e0321fa,home_office_furniture,online_beginner,social,Home_Goods,0
bb2afe2061d53c6968aa0cffa233a8ec,sports_leisure,online_medium,organic_search,Other,0
ba56ae8ab7eb61b0c3f064f9661eb15c,books,online_medium,organic_search,Other,0
c8cc60ffd415254af5d9b9f34f32c369,pet,online_medium,social,Other,0
6267923376872bb45a1c804aed0f1e73,household_utilities,industry,unknown,Home_Goods,1
c1849d4d32d7a6cecd5aa471809d3135,party,offline,paid_search,Other,0
90c523952c5622d268addb6d93a7212f,audio_video_electronics,online_beginner,referral,Other,0
0ab97fdbae52ec0e877efdf9b310528e,food_drink,online_medium,social,Other,0
f233b575e585413f12fe2f847d922447,household_utilities,online_big,unknown,Home_Goods,0
7d2af2d0dc5a86742cda2e5da38c1ac7,audio_video_electronics,online_medium,paid_search,Other,0
71729348559edea55a3e7a2bc2a2986d,health_beauty,online_medium,unknown,Health_Beauty,0
4125d9385a25e82d2f72d3a0fd55bc3f,home_decor,online_medium,direct_traffic,Home_Goods,0
5f5a58930c3c35f3b5af264f34fb8c85,air_conditioning,online_medium,organic_search,Other,0
94eead2f1cdacbf7ba5c5a0bdbe4cf1f,household_utilities,offline,paid_search,Home_Goods,0
facd538cb53fa082bffaeee65521020a,car_accessories,offline,paid_search,Auto,0
09c34a8e333be37851747c27525a4e53,pet,online_small,organic_search,Other,0
8fbd63429be6d3e5e6d1a709b6464802,car_accessories,industry,organic_search,Auto,1
a28120fc27b206d3bc355b57040baf7a,audio_video_electronics,industry,paid_search,Other,1
b16d3dadc47d4eb18be3d88bad0775ce,sports_leisure,online_medium,paid_search,Other,0
a8fee0ab6206634206f782c32e41a2a4,health_beauty,online_medium,organic_search,Health_Beauty,0
dd5450b022b2d00a2145a66331e1aef6,household_utilities,online_medium,social,Home_Goods,0
f887581ec486ee8eec9ed933310848e0,car_accessories,online_medium,organic_search,Auto,0
f89e46b812b06f22508f89873565ce6c,food_supplement,offline,organic_search,Other,0
845e8036c3f7bf62099352f5ed910240,bed_bath_table,online_big,unknown,Other,0
ce9d7ae0d0fe0a747bc46cf3f089cfaa,audio_video_electronics,industry,organic_search,Other,1
f049a72cf58fd31b11f8919cade515e7,audio_video_electronics,online_beginner,paid_search,Other,0
117cfc326c6d50da67ca858ff5c0c852,household_utilities,online_medium,organic_search,Home_Goods,0
c6d5704d1ed91beed0114bcd9d3367bb,home_decor,online_beginner,organic_search,Home_Goods,0
049197f741ca0cde891420fc72fba3e5,pet,offline,organic_search,Other,0
116e5ef667d05e59c8b95acd02670ff3,health_beauty,online_small,social,Health_Beauty,0
f1fdf2d13186575751aa25876536d85c,sports_leisure,online_big,organic_search,Other,0
b64d51f0435e884e8de603b1655155ae,household_utilities,online_medium,paid_search,Home_Goods,0
56e361f411e38dcef17cdc2a3d99628b,audio_video_electronics,industry,organic_search,Other,1
cac876b37d3abcd6bd76caca30277996,home_decor,online_big,paid_search,Home_Goods,0
a414555ce331b8c8aea4a9cb8395194d,home_appliances,online_medium,organic_search,Home_Goods,0
c54679b132454625907c773d273d4126,health_beauty,online_medium,paid_search,Health_Beauty,0
4a82168aaef173cbb6e46ae88728f919,health_beauty,online_big,paid_search,Health_Beauty,0
41b9c7bfadf5f42b93b7bfbae1b84494,audio_video_electronics,online_small,unknown,Other,0
d8d9567d0bfb0bc7eb845a205ba42657,books,online_medium,paid_search,Other,0
3ab971ce71839580d2ae5b4e40fe8044,home_decor,online_big,organic_search,Home_Goods,0
02f623a8eb246f3c5f7c2f96462654e6,sports_leisure,online_medium,organic_search,Other,0
11a559e252a8d167a8ccea7abcf357f3,construction_tools_house_garden,online_medium,unknown,Home_Goods,0
cec13d4723ba59aae2a6663b99129a49,car_accessories,online_medium,organic_search,Auto,0
0ca9bd8db4679bc89692acdfcd96b6c4,health_beauty,online_big,paid_search,Health_Beauty,0
351cc0833086e30c04f3b0a15dbc3e93,household_utilities,online_big,organic_search,Home_Goods,0
6aa3928696eab49a19a466e665a649fd,health_beauty,online_medium,unknown,Health_Beauty,0
539ed9e19811677513447759be5eccfc,home_decor,industry,organic_search,Home_Goods,1
d7827b2af99326a03b0ed9c7a24db0d3,construction_tools_house_garden,online_big,paid_search,Home_Goods,0
6c6d00f0561125a66cffac53cfe3f913,food_drink,online_beginner,social,Other,0
bd4431c1a8dfa744b59e1e2a8bc99b9e,health_beauty,offline,paid_search,Health_Beauty,0
4a1917ef994878940e1fb03eeb787ad7,phone_mobile,industry,social,Tech,1
c0aff2da32c17759d30b22fb0af6649d,music_instruments,online_medium,paid_search,Other,0
cb6c9f5888a7a090c75beaf615925792,construction_tools_house_garden,online_medium,unknown,Home_Goods,0
f212a20c700f5a7c3d4de5ef38e02c42,audio_video_electronics,online_medium,organic_search,Other,0
59cea8e446d3834393058e7e0666b6fb,small_appliances,online_big,unknown,Other,0
2cb98e27ce1c18abdb42209b34c382a7,car_accessories,online_beginner,unknown,Auto,0
3289d8c3eef4873f91ce0b1343c0dd58,sports_leisure,online_small,referral,Other,0
55c26bcb609f480eb7868594245febb5,baby,online_big,organic_search,Other,0
5c3460cd3e8a984382ae254e7dd20d9f,baby,online_small,social,Other,0
e979bb42fb660609fe056a6bea03761f,jewerly,online_small,other,Other,0
bcafb8538edd43b166274b25c60b7458,audio_video_electronics,online_big,organic_search,Other,0
0e72c1a751b496722a6cb1f10653b62a,books,industry,direct_traffic,Other,1
abcb0f101902cd0ca5bfddc35ddab560,home_decor,online_medium,referral,Home_Goods,0
ae7ab174effdead6c241e547e4ca13f0,household_utilities,online_medium,organic_search,Home_Goods,0
f85612e1b253b37d88329fdc16e8f32f,pet,online_big,unknown,Other,0
1d953075c2f0dd990bacf27b83b330f1,computers,online_medium,organic_search,Tech,0
9261d76c62caaf0b24677c2ceb7f8f20,household_utilities,industry,unknown,Home_Goods,1
def312fb44a52de894acf688498ce1fc,home_decor,online_medium,organic_search,Home_Goods,0
160851d3ece7aa1a510f8d1a4bb8a8af,construction_tools_house_garden,industry,unknown,Home_Goods,1
c004e5ea15737026cecaee0447e00b75,construction_tools_house_garden,offline,paid_search,Home_Goods,0
7ff588a03c2aeae4fbd23f9ae64b760d,car_accessories,online_big,paid_search,Auto,0
880ce4951cf857ab1d9e0b75c1d856f4,car_accessories,industry,organic_search,Auto,1
9e6967d3cf386d284251784b18ccb485,construction_tools_house_garden,online_big,organic_search,Home_Goods,0
e9c2dc0dd4ac38448289be644ac94f42,sports_leisure,online_medium,direct_traffic,Other,0
964ff64dc05b13811c6d0f41e0aa5f6b,home_decor,online_big,unknown,Home_Goods,0
ec5b3cd9d6bf0a880edfda73562a7cea,Unknown,industry,unknown,Other,1
1997c740529040d6a2244d2e818acb50,audio_video_electronics,online_big,social,Other,0
6fcc97197c64771f3c18aea3aa9d3913,construction_tools_house_garden,industry,organic_search,Home_Goods,1
1cbdc7cf130a41fd13a3c2a7d2fcfda7,bed_bath_table,offline,unknown,Other,0
75fe775fe1a7ad296e77ea7e66b35ac3,home_decor,offline,organic_search,Home_Goods,0
9e545d0501bd685bba148d9f631093f1,construction_tools_house_garden,online_big,direct_traffic,Home_Goods,0
40105cb0aec41563d24ccc7b90ae7083,home_decor,industry,paid_search,Home_Goods,1
b1116e9a35b2fa91eb4a0af8e73cdc3a,small_appliances,industry,paid_search,Other,1
17595577347283c0140226df762e2e6b,bed_bath_table,online_medium,unknown,Other,0
271b8923c6a549e02d3c9fd1f8c0422b,household_utilities,offline,unknown,Home_Goods,0
d7cb3f744255259a4ded02cb354f5bcf,home_decor,online_medium,other_publicities,Home_Goods,0
618b0524377e106190c0c91cacdb4b78,car_accessories,online_medium,organic_search,Auto,0
231e2c768bf979ec59ff743f16a442ce,audio_video_electronics,industry,unknown,Other,1
44717f64ec2a457979cf83c429077666,handcrafted,online_medium,direct_traffic,Other,0
b0289c0c1f9f84008e7b4dbf795c4676,music_instruments,online_small,organic_search,Other,0
31be790e64fc99f8ff48ec2bd18a3104,household_utilities,online_beginner,social,Home_Goods,0
b0ec35adb04cfa85d3e0ff3f79c186a3,home_office_furniture,industry,unknown,Home_Goods,1
fa7cc273072520346449b9e89329768a,audio_video_electronics,online_beginner,paid_search,Other,0
120476eb7a04c149d14772edaf5d9bf2,construction_tools_house_garden,online_big,paid_search,Home_Goods,0
7df961ce758538004de6db0f5b9d7b6f,home_decor,online_small,social,Home_Goods,0
cee4320453079d554562dee0753d7d43,health_beauty,online_medium,paid_search,Health_Beauty,0
21f3118106d69d16dfe7d5aaf37cb242,car_accessories,online_big,organic_search,Auto,0
94d76e96eedd976258cd3278ce56d5f2,construction_tools_house_garden,online_big,organic_search,Home_Goods,0
b5e7d871b063f34de611e8b448e63f2e,health_beauty,offline,organic_search,Health_Beauty,0
04ed0495537199603d4930fc5c0dd026,audio_video_electronics,offline,email,Other,0
96c1c7f1f24470915da80563cd1202ea,audio_video_electronics,online_medium,organic_search,Other,0
1f74801bb8b05750ce5e7597b685bd13,food_supplement,offline,organic_search,Other,0
bed6d1f6c4664ab8cf3abf3821727756,construction_tools_house_garden,industry,paid_search,Home_Goods,1
377bc18334c78dd2f1535ef22a3ad225,car_accessories,online_big,unknown,Auto,0
51fdd5d43db628fada4588f89aba3e8e,car_accessories,offline,organic_search,Auto,0
58f1a6197ed863543e0136bdedb3fce2,fashion_accessories,online_medium,paid_search,Other,0
65febd49fd28ec955651299159b1f527,household_utilities,online_big,organic_search,Home_Goods,0
9b1585752613ec342d03bbab9997ec48,car_accessories,offline,organic_search,Auto,0
cbf09e831b0c11f6f23ffb51004db972,household_utilities,online_top,organic_search,Home_Goods,0
4f0d637c1197fd65405ebd755ac9f86b,health_beauty,online_medium,paid_search,Health_Beauty,0
026c6180cd86d6069dad573ce69b465e,household_utilities,online_small,paid_search,Home_Goods,0
0691fc6052b1918d775ac6ff8275eb01,home_decor,online_medium,social,Home_Goods,0
d50f6d198921d51b24544738b29d2b0e,food_drink,industry,referral,Other,1
9485222b0bad29d3b0e860fa5ec1fdd4,construction_tools_house_garden,industry,social,Home_Goods,1
28fadc495e06e64b5d15d54959f2cee1,watches,online_top,paid_search,Other,0
dbdd0ec73a4817971d962698f2fea022,health_beauty,online_big,direct_traffic,Health_Beauty,0
2aeedd049dc20e7171f43110fd0d6821,construction_tools_house_garden,industry,unknown,Home_Goods,1
6a60bd6a4afd5fc86b75b47ec502df7b,health_beauty,online_small,paid_search,Health_Beauty,0
46bec94e1e0fc413b6adb1d1bd175477,food_supplement,online_small,paid_search,Other,0
73df8d9e8f8c54d0d42feb9bf58c718c,home_office_furniture,online_medium,unknown,Home_Goods,0
dd22fbe4df5d84be25176054640b696d,food_drink,industry,organic_search,Other,1
2aa8585964d74f71e334a6c3de2ddc27,fashion_accessories,online_small,unknown,Other,0
6cd5309bfee39493f71de0350e837b3d,car_accessories,offline,paid_search,Auto,0
caa9bc43a9fe8cf9c564ddd8a03cc4a6,toys,online_medium,unknown,Other,0
fe87f472055fbcf1d7e691c00b1560dc,home_decor,online_medium,other,Home_Goods,0
366b6b05f39997f102dc5179de14d43c,health_beauty,online_small,paid_search,Health_Beauty,0
9169e322ad3419286d1e5ee8f1c3b3f0,perfume,online_medium,organic_search,Other,0
da4d149c0ddbac90557103ac0a0ec356,sports_leisure,online_medium,organic_search,Other,0
4dd7866cf496e0c2fcfc93a4589dc1be,fashion_accessories,online_medium,paid_search,Other,0
bc2579cde838eb0fa8477f7efb1298d1,household_utilities,offline,direct_traffic,Home_Goods,0
693660429f9dc4ff704eb3d88dad54d7,audio_video_electronics,online_medium,social,Other,0
7d7866a99a8656a42c7ff6352a433410,household_utilities,offline,organic_search,Home_Goods,0
657969cca82e884d272385ec0ef06edd,fashion_accessories,industry,social,Other,1
b7140ce94c4514bf136a2c3f98e0476c,audio_video_electronics,online_small,unknown,Other,0
a50397ac35dc51ce40c4c3117828e4ec,audio_video_electronics,industry,paid_search,Other,1
d65d93b215feab3f997441e1e0a98ca5,computers,offline,paid_search,Tech,0
dda37071807e404c5bb2a1590c66326f,bags_backpacks,online_small,paid_search,Other,0
85be0b7181c48c393007b0002fdec79c,construction_tools_house_garden,online_medium,unknown,Home_Goods,0
671585f5a2af58b6e276bc01003c0d2b,household_utilities,online_medium,social,Home_Goods,0
4a1f694197d05fe70026b016a7316b41,home_decor,online_medium,paid_search,Home_Goods,0
3d3ccf2b2f8134b10dce9dd446f0e075,home_decor,online_medium,paid_search,Home_Goods,0
2cb6eb1b7185064167657fa09f541105,home_decor,online_medium,paid_search,Home_Goods,0
0fe3372ef9bebf177e6cb95fa0340fb6,construction_tools_house_garden,offline,organic_search,Home_Goods,0
964cb238d75d1e6c6e1f88adcdf14f42,construction_tools_house_garden,online_medium,paid_search,Home_Goods,0
167bde8a09cb3196874f3f7e2753a98d,toys,industry,organic_search,Other,1
c84592044b180dec206770c38603814b,audio_video_electronics,online_medium,unknown,Other,0
c3e1abd72a42fe690fcd89cf5720fe29,pet,online_big,organic_search,Other,0
4d0041cdbe51b4617d95c70b19decc74,car_accessories,industry,organic_search,Auto,1
4e0bb097aa0fb4e2f9a146b77698427a,car_accessories,offline,direct_traffic,Auto,0
77e81c45f03c23a7b43dbb0bdd905dff,health_beauty,online_small,direct_traffic,Health_Beauty,0
2fa13c8bd5705d279f7ed5cc9ec61c68,health_beauty,online_medium,unknown,Health_Beauty,0
9e54d45e5f30ed4f296bd25d4edada20,music_instruments,online_small,organic_search,Other,0
596d3b6f78d5a703bfce24b801d2fbdb,health_beauty,industry,organic_search,Health_Beauty,1
18e694e0e48ed6f7aa3f24aade5fd697,computers,online_medium,unknown,Tech,0
667ee4b0aece58908fae3fd1649b7e6c,handcrafted,online_medium,display,Other,0
fd435faa3c0422b60440ea3480d0e77c,music_instruments,online_big,unknown,Other,0
7816cd9c5b1238e320545f5bf7eb80e8,construction_tools_house_garden,online_big,organic_search,Home_Goods,0
713a71465d58d5315a36788861dfec4a,stationery,industry,paid_search,Other,1
4d54524ebf3e26769edc397a2eb26462,computers,online_top,paid_search,Tech,0
8dc50970bc5ef0bf96e6dc401caf0c1c,home_office_furniture,online_medium,display,Home_Goods,0
c963a25b8671419c6ce9eebe8fd03218,home_decor,online_medium,paid_search,Home_Goods,0
2aafae69bf4c41fbd94053d9413e87ee,stationery,online_medium,social,Other,0
3c6b1149911003e599410f60c7735bc6,audio_video_electronics,online_medium,organic_search,Other,0
9ebf0ac03992f6240c8339820ed03581,small_appliances,online_big,unknown,Other,0
65d5e688c5bba88c62953b3a97264d54,home_office_furniture,offline,organic_search,Home_Goods,0
013d100f608a64ec8275c038aedeb064,food_supplement,online_top,organic_search,Other,0
d66c11a9572221d92fbb8c4897db5f9b,household_utilities,industry,direct_traffic,Home_Goods,1
7d91f9d655df761fd0cf119733a61e74,perfume,online_medium,organic_search,Other,0
77d0bfeb12a6711682cc61a508f87313,health_beauty,online_beginner,unknown,Health_Beauty,0
01fd077212124329bac32490e8ef80d9,household_utilities,online_medium,unknown,Home_Goods,0
c0199604c0ca0863cd20b95aadd24427,phone_mobile,online_medium,organic_search,Tech,0
7461606ae81596a71b8a98fd0f2460b2,home_office_furniture,offline,unknown,Home_Goods,0
9d213f303afae4983637247556438ede,bed_bath_table,online_big,paid_search,Other,0
76bf0e3e7d311d9069d4512cc1a232d7,home_decor,online_small,unknown,Home_Goods,0
4ff8d644ff76721b86fdc7c75c48d4a6,car_accessories,online_medium,unknown,Auto,0
59ddca14932ec5557c099a51c4d5a58e,food_supplement,online_small,paid_search,Other,0
8c9348f33ae3dada25c99c99ade2af78,construction_tools_house_garden,online_small,paid_search,Home_Goods,0
89c4c1dfaab405a37514bda5243b0206,sports_leisure,online_small,referral,Other,0
f1b854361f4e15d5851b494df66f22b2,pet,online_big,direct_traffic,Other,0
c8665a4dd081a2c436b1cd921079d0d9,car_accessories,online_medium,direct_traffic,Auto,0
138dbe45fc62f1e244378131a6801526,household_utilities,online_medium,paid_search,Home_Goods,0
b25ec1aff84400104d63eadc3b3052fa,audio_video_electronics,offline,paid_search,Other,0
3917f19baf48b61b7c9a106ea10ad953,small_appliances,online_big,organic_search,Other,0
eb72802c83dc7547529c9546d1a9b8ef,health_beauty,online_medium,organic_search,Health_Beauty,0
b67d6c666e8dce1d078c882825e12704,sports_leisure,online_medium,unknown,Other,0
980640c45d7a4635885491d077167e4d,bags_backpacks,online_medium,unknown,Other,0
d84ecc09e7c9517825a219be37aca08b,car_accessories,offline,paid_search,Auto,0
dc7192adf8ba09569261f4a8d576afe0,household_utilities,online_medium,unknown,Home_Goods,0
43037711a5c131786d1633e96185d278,pet,online_big,organic_search,Other,0
3b2386b23bc4807a467c2ea5770cdd80,household_utilities,online_medium,social,Home_Goods,0
c30eb4a935f1ea375393aa691a69b19c,audio_video_electronics,online_medium,organic_search,Other,0
ffad1e7127fb622cb64a900751590acd,home_decor,online_medium,organic_search,Home_Goods,0
7b98de631987e26dd6d803490c43a13c,construction_tools_house_garden,industry,organic_search,Home_Goods,1
77d81755dbf8e62faa0fb683e1a802c6,home_appliances,online_top,paid_search,Home_Goods,0
70bf57d811208f8923b41bbd499a67a4,small_appliances,online_medium,direct_traffic,Other,0
4018093c0809ddcb1f633ed5cc3f5eb2,home_decor,online_medium,organic_search,Home_Goods,0
4de7a9f2b6acffd74c9f148f8902b854,watches,online_medium,organic_search,Other,0
bc8c8d665ec4664d286be0d521722b19,food_drink,online_medium,organic_search,Other,0
a63bfbaa882c8f4542891b4e2246cc7f,health_beauty,online_big,referral,Health_Beauty,0
33d677f27a69b84051204ee4ae76eaca,food_drink,offline,direct_traffic,Other,0
92887d76687f9477f1c7f759bc4a225b,home_office_furniture,online_beginner,unknown,Home_Goods,0
8a8835a43bda99fd37310ad76c457510,car_accessories,online_big,referral,Auto,0
0873d9f8f36123f8d910f4760e788cfb,audio_video_electronics,online_medium,unknown,Other,0
59bbc819b99a733f02f0d6b49d1c253d,car_accessories,online_medium,organic_search,Auto,0
61b18775be84fb700a6b2d0ba097bf66,pet,industry,paid_search,Other,1
761681a821d8275bc79f552116d06869,home_decor,online_big,organic_search,Home_Goods,0
1a8e2d9c38b84a9702ac7922924b0573,household_utilities,industry,paid_search,Home_Goods,1
ab2a1539d7cdbddcfb6b568447ed767d,party,online_medium,Unknown,Other,0
a66aed6f85eb3f719792329338875b72,food_supplement,offline,referral,Other,0
c32fc744b9160ac853450488e3cfea93,food_supplement,online_medium,organic_search,Other,0
08083b94b3c7e0847502a026125dbfbd,construction_tools_house_garden,online_top,paid_search,Home_Goods,0
165b1235e9e9942cb5fae67103576fb0,home_decor,online_big,paid_search,Home_Goods,0
13a6bea45beacabbd2d7551940020653,construction_tools_house_garden,online_medium,unknown,Home_Goods,0
9803a40e82e45418ab7fb84091af5231,audio_video_electronics,online_big,organic_search,Other,0
ec8463980a4e0ea9f8517aea1ed0c419,home_decor,online_medium,organic_search,Home_Goods,0
80b2f7568a7016771f58c5b981da3ae3,health_beauty,industry,unknown,Health_Beauty,1
e52a436a49da33527c29e1b5fbd09317,food_drink,industry,organic_search,Other,1
f9eda05b67bef472deaddbba84aca289,watches,offline,paid_search,Other,0
ffa6adafb71b807dc13159e26431354c,car_accessories,online_big,organic_search,Auto,0
14c9e2cbff9aaf67afd967798a651733,food_supplement,online_big,organic_search,Other,0
447d377bdb757058acb569025ee18a93,toys,online_medium,organic_search,Other,0
f0533bc9cc3111a0b2f8198157a34571,health_beauty,online_medium,paid_search,Health_Beauty,0
1f7dfad2cb384ea4d2d7e1ffbd78c407,toys,industry,unknown,Other,1
8de8fe3af4449ed695d2434c933ed73e,air_conditioning,online_medium,organic_search,Other,0
ceb123995e945aab9f7c259819f70a2e,construction_tools_house_garden,online_medium,email,Home_Goods,0
db2956745b3a8e9f3785c99f34b5d25e,audio_video_electronics,online_medium,unknown,Other,0
c5f7e746b7e6d07def6c0dae9903279b,pet,industry,organic_search,Other,1
bf28429c4b2c63d4a66f2a1ef89e7cfa,computers,online_medium,organic_search,Tech,0
684ffe8bd167b50565e8546d7a99ec63,home_decor,online_medium,organic_search,Home_Goods,0
0fca1de8751a104ca87890f19f363d4d,bags_backpacks,online_small,direct_traffic,Other,0
4bfc7a4a1cf8d4d2121c27422d9e50b5,home_decor,online_big,paid_search,Home_Goods,0
98d634015211a1cd9b861e59b6d1b79b,food_drink,online_medium,organic_search,Other,0
6267b2cd3c8d9bfa2cc778c11d54e76c,jewerly,industry,paid_search,Other,1
f093be9f8ecb3904adb95cbe76434e1c,music_instruments,online_beginner,organic_search,Other,0
6e1706430e9dda78c8d2d5dd1f36d545,food_supplement,industry,unknown,Other,1
bec568278124768c474ee90971ca94d1,home_decor,online_beginner,paid_search,Home_Goods,0
762fafdaa57a532ee0119731697579dd,toys,online_beginner,unknown,Other,0
d263fa444c1504a75cbca5cc465f592a,gifts,offline,direct_traffic,Other,0
cb9942fc1981289d7e809573bc69c7db,books,online_small,organic_search,Other,0
2cadea330183af560c84a87409e5c0e0,car_accessories,online_medium,organic_search,Auto,0
1f080fb8ad65b21e195b903bd366ae68,pet,online_medium,paid_search,Other,0
95081451c156a9d11136ecfc5422a20f,car_accessories,online_medium,direct_traffic,Auto,0
b30aab8e0bdb2b3876d33df69222cc5b,household_utilities,offline,organic_search,Home_Goods,0
bd57c88dfa162e7a0f5284a25935af65,home_decor,industry,organic_search,Home_Goods,1
b03a9c9814f98280b6d91cb560eeda5b,car_accessories,industry,social,Auto,1
6514418ce691fad2663207c14a1fc1f4,food_drink,industry,social,Other,1
3f9be91358837bff69df67edfa3e42e8,pet,online_medium,paid_search,Other,0
c1319b7d63c25ad7838d268fec93d0fa,audio_video_electronics,online_big,organic_search,Other,0
b6a59a960c14aab3c683a673d03ca2ab,health_beauty,offline,social,Health_Beauty,0
871708b5b0c28260241a7ddbcec894c3,toys,online_medium,organic_search,Other,0
4867209cb29b56b92893d7bde3ce8012,health_beauty,online_small,paid_search,Health_Beauty,0
e9179018f5d095c744e8a333264f99d1,construction_tools_house_garden,industry,paid_search,Home_Goods,1
5e8fbfbb0b53e303caf57d7408627b73,home_decor,online_small,organic_search,Home_Goods,0
946a07c34ff7e9eafa2d0ad6c45340ec,construction_tools_house_garden,online_medium,referral,Home_Goods,0
d4ffeb15b67e81ff9af2b4252d99fb7e,bags_backpacks,online_medium,unknown,Other,0
5e9f5bd34e0830569f05c9d4f56e04a8,bags_backpacks,online_medium,organic_search,Other,0
b3a449163f5fe8657f2f0c83f41e7a5a,toys,online_medium,unknown,Other,0
c03fd7fd50f9f421847d970502fe5d26,fashion_accessories,online_beginner,organic_search,Other,0
d8bf0fc082fd4a77fc2e5679b6c00133,construction_tools_house_garden,online_medium,organic_search,Home_Goods,0
8a432f4e5b471f8da497d7dc517666e2,bed_bath_table,online_big,organic_search,Other,0
108ca0788dee2b34051cd325dd9eafed,bed_bath_table,online_medium,organic_search,Other,0
03a2a6dcbe45d639c4dc2a0d24769c40,construction_tools_house_garden,online_beginner,social,Home_Goods,0
6a38087bc8ad4f89ff453561005f6dea,computers,online_big,referral,Tech,0
d9a84e1403de8da0c3aa531d6d108ba6,toys,online_medium,organic_search,Other,0
f12d3c2a14729ae461b920c11fe20fdc,home_decor,online_big,organic_search,Home_Goods,0
cdb142290473bb9442f55741e430682e,home_decor,online_medium,paid_search,Home_Goods,0
a8739afb32aaa45e01815ca76f76f54b,car_accessories,online_big,paid_search,Auto,0
12e6ecc830aa50dcace131431d90f426,home_decor,industry,referral,Home_Goods,1
a6a52627793bc24c517d364354c20f6f,home_decor,online_small,organic_search,Home_Goods,0
5bf397d04035b5f45cc41e82ec106803,household_utilities,offline,direct_traffic,Home_Goods,0
bbe9a13ea83539951c8edfc200565bad,home_decor,online_big,organic_search,Home_Goods,0
e00c0a3af0718a2ecf6618c84cd1b1ff,fashion_accessories,industry,organic_search,Other,1
8bee95b757e33c86511de3f9311100b9,car_accessories,online_medium,unknown,Auto,0
d1ef48b38baca7e831711c4a0aeb398f,construction_tools_house_garden,online_medium,organic_search,Home_Goods,0
e5cbe890e679490127e9a390b46bbd20,food_supplement,online_top,paid_search,Other,0
e6bb1e7ea5580c5b9f0970407b3f8c7b,construction_tools_house_garden,online_medium,unknown,Home_Goods,0
0b0c50f6ddac7e6e7ed9d513ec122c74,household_utilities,online_small,organic_search,Home_Goods,0
723cd880edaacdb998898b67c8f9da30,bed_bath_table,online_medium,paid_search,Other,0
a2fbfee48b1a9b455b126c70e421ec91,gifts,online_beginner,referral,Other,0
7020bbe82544a814b5665a2887119267,health_beauty,online_medium,referral,Health_Beauty,0
36f98ad67cc981f50ce8aed093d5783c,audio_video_electronics,online_small,social,Other,0
8c6d188ef073e289887bc52bc37f3e61,audio_video_electronics,online_medium,paid_search,Other,0
99a6380f4dd5ed504cd8003d94d0be25,home_decor,Unknown,organic_search,Home_Goods,0
83c465a786b06574376909b35ef6752a,handcrafted,offline,paid_search,Other,0
6c99c983ce3b6ba0ab813e6790e81691,toys,online_small,direct_traffic,Other,0
5e105f5c9f63f5f1fd75d6cb942e55b1,home_decor,online_medium,unknown,Home_Goods,0
bdae679a9b282249bc23b9b69dae9a99,construction_tools_house_garden,online_medium,direct_traffic,Home_Goods,0
3387acafd8bea46d73fc50cc9f7e2a9a,computers,online_big,Unknown,Tech,0
52a50b42accf164f9f019941e5759d9b,food_drink,online_small,organic_search,Other,0
45f04cd6eccb0a2ab2ed62d4939ca2d2,household_utilities,online_top,social,Home_Goods,0
da7039f29f90ce5b4846ffc0fcc93beb,audio_video_electronics,online_medium,organic_search,Other,0
59055625da956ae84296c08491141984,construction_tools_house_garden,online_medium,organic_search,Home_Goods,0
47ff0b75e3609b6b80fbd1450384a623,home_decor,industry,organic_search,Home_Goods,1
f22a247b79dd22ecd91dc8e3b2a1b07c,health_beauty,online_medium,unknown,Health_Beauty,0
87193a47e93a5c1912254392431f524d,health_beauty,online_small,unknown,Health_Beauty,0
b12cce16926aca79e4dc5483947792cc,car_accessories,online_medium,social,Auto,0
98932494b926a74eda339b76ce0b4bc0,sports_leisure,online_big,referral,Other,0
9966324e28b7fa38165d2d3d12d53b7f,phone_mobile,online_big,paid_search,Tech,0
7cae39bbb9e55772693688c5afd957e6,bags_backpacks,online_medium,social,Other,0
bb7ad8a45c027be8ab075b8e465f8ca0,household_utilities,industry,paid_search,Home_Goods,1
3b945b144f631e998d7e484cc48b3783,computers,online_small,paid_search,Tech,0
1cbd32d00d01bb8087a5eb088612fd9c,health_beauty,online_big,organic_search,Health_Beauty,0
28d365edb9c888771df5915b575f8f34,home_decor,online_beginner,organic_search,Home_Goods,0
67edf85a314145ec81e546794dbc31cc,construction_tools_house_garden,online_big,organic_search,Home_Goods,0
4f6bf26bd1ecc9aa855e9cce6869b566,audio_video_electronics,online_medium,direct_traffic,Other,0
ffc470761de7d0232558ba5e786e57b7,construction_tools_house_garden,online_big,unknown,Home_Goods,0
07de60b03d150fb3ea09eab5da5e4c8b,bed_bath_table,industry,unknown,Other,1
86ff3eaef0267069cc891a2ed9d10a17,sports_leisure,online_medium,unknown,Other,0
299c89a525fee36c567f4fe72f038100,audio_video_electronics,online_big,organic_search,Other,0
fc7adf89a5d4fb88c007094fdae351c4,handcrafted,online_big,organic_search,Other,0
f66425655311542de5db64f27d0d5651,car_accessories,online_medium,direct_traffic,Auto,0
3ea08c48e851106d2f584349daba335f,baby,online_medium,social,Other,0
bea51724befa11664f1d44a92ba8f4c3,jewerly,online_beginner,unknown,Other,0
528f22dfa20a3de9375b2b38e49cc617,home_decor,online_beginner,social,Home_Goods,0
2d34636518ba88f5349b732fcf8ba2e4,computers,industry,unknown,Tech,1
e6cf587c2552879f7471e7e8c993ea1c,car_accessories,online_medium,social,Auto,0
503ad3c3811010c6ba4577f411724b13,food_drink,offline,paid_search,Other,0
e8dba4d70f7f2b20e775d09cae01142d,bags_backpacks,online_big,direct_traffic,Other,0
bbe87dce25ba8b38bb61cc7210a3f10b,construction_tools_house_garden,online_big,organic_search,Home_Goods,0
9e3f08af3b6caa76962b05087eed5425,construction_tools_house_garden,online_medium,social,Home_Goods,0
94165aea8a35c3c21499cbcae239b16c,car_accessories,online_medium,paid_search,Auto,0
43ac443db8d4fbfb1454aa1364404264,car_accessories,online_medium,organic_search,Auto,0
54212aa507a8696b0766046bd3aecdc3,jewerly,industry,organic_search,Other,1
267116eae2e631a965ef86be260f9278,fashion_accessories,online_small,organic_search,Other,0
3d2531eccfbde1d7c8db7a3a12fb267a,music_instruments,online_medium,organic_search,Other,0
770145ac7913d8d3ace8aa83a1304938,bed_bath_table,online_medium,social,Other,0
cf8ca2db83470a73b7cebdd86ea96fb9,phone_mobile,industry,organic_search,Tech,1
b6584a94139a5dd427c5b2d918116197,bags_backpacks,online_small,unknown,Other,0
89d394e1e062b0c231c559196aa7e18c,computers,offline,unknown,Tech,0
2f7c0e24a8a8fa5c807b59f66c2e9637,sports_leisure,online_medium,unknown,Other,0
81cce42d33ddf3d4f89f1d476b5e35e7,health_beauty,industry,organic_search,Health_Beauty,1
68c701b433babf6e12018f1a674d3228,home_decor,offline,organic_search,Home_Goods,0
184725737946a1a938bbbd1a9e978103,fashion_accessories,online_big,unknown,Other,0
528e4514f9339c1c3dd7535fd1a2d8cb,home_decor,online_small,unknown,Home_Goods,0
2ba91c7ad80ff88b23b7db823b43c233,pet,Unknown,direct_traffic,Other,0
bf0d50a6410d487dc97d2baac0a8c0be,home_decor,online_medium,organic_search,Home_Goods,0
18d5b01a5ca858cf540df954e063978d,audio_video_electronics,Unknown,unknown,Other,0
ce77b964b9986a57b37b928be67d9959,food_supplement,online_medium,unknown,Other,0
1b69e7630792e60471efca457d5b57af,handcrafted,online_medium,organic_search,Other,0
9da15f4a4ea758d9eeb49000dbe57e22,home_decor,online_medium,unknown,Home_Goods,0
5a4473aa20aec979dea3eee0822165aa,fashion_accessories,offline,direct_traffic,Other,0
573becd44db78cee00182ec4a5594806,household_utilities,online_big,organic_search,Home_Goods,0
0a85ebe4e328db81ac9109781205e2f7,home_decor,online_medium,organic_search,Home_Goods,0
7f5e4d5efad7e44b91115dd1decb65f3,audio_video_electronics,online_medium,organic_search,Other,0
b18791c7580856ccf7c72d22acd59873,fashion_accessories,offline,organic_search,Other,0
48fa294ea8e32148c8dba7a692b72bfc,sports_leisure,industry,paid_search,Other,1
1b4b28463457a256e9a784ebe2a8f630,car_accessories,online_medium,unknown,Auto,0
42fa4ee7240e9b8eb4576358ec142ba7,household_utilities,online_medium,unknown,Home_Goods,0
89a51f50b8095ea78d5768f34c13a76f,health_beauty,online_small,paid_search,Health_Beauty,0
f9ec7093df3a7b346b7bcf7864069ca3,small_appliances,online_medium,paid_search,Other,0
7238a95bb63ef7e498389fb863b834a1,construction_tools_house_garden,online_big,paid_search,Home_Goods,0
294e164108bc80d8fbf5ee39c448461c,car_accessories,offline,social,Auto,0
850913d59ce317156b00f3705f1c3edb,phone_mobile,online_medium,paid_search,Tech,0
e19d488f67425e5a884abb42dfa0c458,car_accessories,online_small,organic_search,Auto,0
e1c76f339ebd5460999f25a2aa8c92c5,small_appliances,online_medium,email,Other,0
72c38a04bd6a1c3dbc5298425a0db86d,audio_video_electronics,online_beginner,organic_search,Other,0
6de5884cc604dc6798577fbf91e86836,jewerly,online_medium,unknown,Other,0
ce4f1d45100bd92470c482527f73f72d,phone_mobile,industry,paid_search,Tech,1
7d2d952e020034f05b4b7a7222563d89,food_drink,industry,paid_search,Other,1
e157c96a8e7711636119c6af8e7cf85f,sports_leisure,online_medium,organic_search,Other,0
57df9869a600bd6b7c405f2a862eccfb,household_utilities,online_medium,paid_search,Home_Goods,0
fdde1d384dea864917f6b8f2d330986e,party,offline,organic_search,Other,0
2fc89ae84d3c48eda4b268408f6ad6d7,watches,online_medium,paid_search,Other,0
bfee0cb1dc3d4e4a2d625daeafaa3d3e,pet,offline,unknown,Other,0
4e480be820e37de1444325ff358c9296,car_accessories,online_big,unknown,Auto,0
ce4755084bc097113867e6454f8f5e52,health_beauty,industry,paid_search,Health_Beauty,1
500b5e25308adf85bbc0bbc52c3dc05b,home_decor,industry,organic_search,Home_Goods,1
ca7c6bd577e559472af1c699de9e764e,health_beauty,online_medium,email,Health_Beauty,0
2866098c2a38fb723ee05f5b65635df0,fashion_accessories,online_beginner,paid_search,Other,0
767f9c7cc8d4c288b891893b61f3a2ca,food_supplement,offline,email,Other,0
19d7a4faa5de92caef9ad5128e6b1467,home_decor,online_medium,organic_search,Home_Goods,0
3cbdc3237aa8afe44324bda4a1ccf676,car_accessories,offline,paid_search,Auto,0
d687681225767af6d214d1b3ae13f66a,food_supplement,offline,paid_search,Other,0
13511db12ac61e2f89c53b72a944a60b,car_accessories,online_big,display,Auto,0
d3dcf0604eabf0224fbd5948b5e02f69,music_instruments,online_medium,unknown,Other,0
7ade73f1b9b4e965f9009a4c3a7e2c15,household_utilities,online_medium,organic_search,Home_Goods,0
87d3c3aeb3ead335511b3ce315eb341e,toys,offline,direct_traffic,Other,0
9cec48faacf156410e6c576bcefdade5,construction_tools_house_garden,online_medium,display,Home_Goods,0
ae45df84722b1d15c5f32b23a095746c,health_beauty,online_small,organic_search,Health_Beauty,0
cad9969167c09b48ae6f1d123f7fa68d,home_decor,online_small,direct_traffic,Home_Goods,0
8f014a85666ef7e6a98b99a7e136bacc,bags_backpacks,online_small,organic_search,Other,0
85044848b1b767db2a4a58526adef4b4,phone_mobile,offline,referral,Tech,0
9c1c0c36cd23c20897e473901a8fb149,food_drink,online_medium,organic_search,Other,0
ce20a2ec1514c25e16f2b5b39bc818f0,pet,online_medium,organic_search,Other,0
2157c762d011d8bdf2097f45d80df0ef,health_beauty,online_big,referral,Health_Beauty,0
cad10cc982ab6a391570c211b995c17c,pet,online_medium,email,Other,0
fe1f84058e11c26fe9582167f47c343c,bags_backpacks,online_medium,unknown,Other,0
b89f350d98e85cdac1137510bd7b566e,baby,online_beginner,referral,Other,0
f085a186e0ab15cb03a8bf46e07a8397,computers,online_big,paid_search,Tech,0
72bb43f9683adea77d240b7985e2dfa2,pet,online_medium,organic_search,Other,0
e77e2e91d8ba596f5bce16b906255fe0,books,online_beginner,organic_search,Other,0
7d7d2b7a51328016102d4528c411d630,home_decor,offline,unknown,Home_Goods,0
651530bf5c607240ccdd89a30c9c9712,bags_backpacks,industry,paid_search,Other,1
d8887be1427e48581e65fed5faf03bce,computers,online_medium,unknown,Tech,0
5670f4db5b62c43d542e1b2d56b0cf7c,health_beauty,online_big,paid_search,Health_Beauty,0
98151b0a22aa6e9ac06a7bb854fa6959,home_decor,industry,organic_search,Home_Goods,1
929f342384a6607afe143d789ade1316,construction_tools_house_garden,online_small,unknown,Home_Goods,0
4c18691b6037662be2df78a765d98ab5,household_utilities,online_small,unknown,Home_Goods,0
aa2640d851ec322526f1295bbeb20092,home_decor,online_medium,organic_search,Home_Goods,0
19d62d484cba71963c93f0f00ab42013,home_decor,online_top,unknown,Home_Goods,0
f2c87addc7e39e1c73457c4ec85ed728,bed_bath_table,online_medium,organic_search,Other,0
5b0cc932433fa5184b5b94bfe6bcc256,home_decor,online_medium,social,Home_Goods,0
252b493131fc46ee4a19fbfcbd565676,computers,online_medium,organic_search,Tech,0
0502e5d79bd91b34b68cef9b3b45230c,health_beauty,online_medium,unknown,Health_Beauty,0
cd2169d9f31ff6fbb9ca3373b0c9e354,audio_video_electronics,online_medium,paid_search,Other,0
9aa388272ee334b6ae07bc73706e254a,bed_bath_table,online_medium,paid_search,Other,0
dc00a47754c9e2eda1f84b0bff6ee95e,stationery,offline,organic_search,Other,0
1fe5540d7c1c37a595fefbacd5570d9e,computers,online_medium,paid_search,Tech,0
dd3c4f2160ceb84483c6ef84ddc541e0,handcrafted,offline,organic_search,Other,0
bce6a5ecf98e99fd2a8868b15c51f04b,watches,online_medium,paid_search,Other,0
5f4ffce0fafd72596bcb09d1467981c2,health_beauty,online_medium,paid_search,Health_Beauty,0
902c99f1ac505c0d18778b61bcd636f7,gifts,online_medium,organic_search,Other,0
2e7ea2aafec5835e781b21d6d1faf1f1,health_beauty,online_medium,email,Health_Beauty,0
b3809b8d4394588a47c8470ea331e135,audio_video_electronics,online_medium,direct_traffic,Other,0
674207551483fec113276b67b0d871ff,household_utilities,online_medium,direct_traffic,Home_Goods,0
63c6951772f3f4fc4e40ffd24207fd19,phone_mobile,online_big,organic_search,Tech,0
2ec7ffe99ecc5afc2e48920c9d1fbff6,air_conditioning,online_big,organic_search,Other,0
455befea1bb853c75ccbca94cff26e5c,phone_mobile,offline,organic_search,Tech,0
9fbe791853dbd2e3894d85162a8ff934,car_accessories,online_medium,paid_search,Auto,0
dace965ca58120f92f8d742a9fa1864b,health_beauty,online_beginner,organic_search,Health_Beauty,0
ea4e9ce63a2134743b4a92777437fcdd,audio_video_electronics,online_medium,organic_search,Other,0
19d2a3535e887b30be7081676fb1a499,stationery,offline,email,Other,0
a0ed0c00bfd64109d4ea03c97cc12486,home_decor,online_medium,unknown,Home_Goods,0
8116eb23b96c15ec02dd90632371494c,bags_backpacks,online_beginner,direct_traffic,Other,0
39cd336c2436c88d88096f7ef9305026,home_decor,online_medium,organic_search,Home_Goods,0
48e954b2da4f6a750c844173b347ed40,food_drink,online_small,social,Other,0
694892adec9a8e54155c2a2e99b6bd0c,car_accessories,offline,organic_search,Auto,0
a0b6a15b3b776d289bb0eca2d9115eaa,toys,online_medium,paid_search,Other,0
f177c11663deb4c3c07af399b26f5110,car_accessories,online_medium,social,Auto,0
abc39d62971a3ef6d4b285f65513006f,books,online_medium,unknown,Other,0
28c7d8743fbc8679f484868cc0fcaefb,health_beauty,offline,social,Health_Beauty,0
b15dd2f0fabf60d00bb3bc95834fb45d,construction_tools_house_garden,offline,paid_search,Home_Goods,0
c38c6d00a783927b6a3df86ea650ed4f,audio_video_electronics,online_small,unknown,Other,0
186cdd1b2df32caa72cfb410bba768d3,household_utilities,online_small,unknown,Home_Goods,0
fac1a9017ade7bdc94058fc1c969f355,computers,online_medium,unknown,Tech,0
269c5fc9fcadee614364c3620c30a1f9,bags_backpacks,offline,paid_search,Other,0
516e7738bd8f735ac19a010ee5450d8d,health_beauty,online_small,paid_search,Health_Beauty,0
fb66238168277301f44d960416bf5c1f,fashion_accessories,online_small,social,Other,0
8ba4b332e611171e234324cf3f9f28e3,food_drink,industry,organic_search,Other,1
4ac30efebddcd090914475c8201899b4,home_decor,industry,organic_search,Home_Goods,1
5544a079319b0984ee5d3ea03ea57da2,computers,online_medium,unknown,Tech,0
8caafb23d9d6b7e75485fcc2bdc260e0,home_appliances,online_medium,unknown,Home_Goods,0
dd27d8e77c7920dc26f5da40bf65ce73,car_accessories,offline,paid_search,Auto,0
de83e0600df76319c24c3670ebcb2d5f,home_decor,online_small,social,Home_Goods,0
85182120f8a3331fcddb54f27a77dda2,sports_leisure,online_medium,organic_search,Other,0
bb219facd42c2384181e8f3330b42df9,baby,online_medium,unknown,Other,0
788e857f317e53de488d393e65a80f45,bags_backpacks,online_medium,organic_search,Other,0
a99634624f85b4f63f87bc334b846962,home_decor,online_medium,paid_search,Home_Goods,0
b8caedd58f7afe8fea08b95f272bc080,car_accessories,online_medium,paid_search,Auto,0
3844ab927429de8fcb426e4886024ee9,health_beauty,online_medium,organic_search,Health_Beauty,0
c7471f493e0cf386881d09659a4a32a4,toys,offline,organic_search,Other,0
74636e24f01da9268b0ed88dacd8513e,toys,online_medium,paid_search,Other,0
2039c5e51785b5dde7cf93ccb3b7be2c,audio_video_electronics,online_beginner,paid_search,Other,0
bb94878eed7bad1bdd88e19f6c322f8e,audio_video_electronics,online_medium,organic_search,Other,0
9ac4f14370b1e24ddc58be041b7f99df,bags_backpacks,online_medium,direct_traffic,Other,0
fe53fc6949a462475c07fcb57ead57ce,home_decor,offline,unknown,Home_Goods,0
a11a0e0ca67423425691db355cff69b0,car_accessories,online_medium,paid_search,Auto,0
89757206b887aed36f3e18d858460fea,bags_backpacks,online_medium,unknown,Other,0
6bd503a8230299c9316fb0f726933927,health_beauty,online_big,paid_search,Health_Beauty,0
3903c788ded8dc03b5ebab37a2f3e9a1,household_utilities,online_big,unknown,Home_Goods,0
837db36e3b34fffca8725343601a74a7,food_drink,industry,unknown,Other,1
62b967c1884c0e9ca8b9dba64be0b136,audio_video_electronics,online_medium,direct_traffic,Other,0
e58a75d874cd483e80fb3ba9aa35db51,health_beauty,online_small,paid_search,Health_Beauty,0
094ced053e257ae8cae57205592d6712,health_beauty,online_medium,direct_traffic,Health_Beauty,0
2bee35533016f9992645dd6df0eca7e4,home_decor,online_medium,organic_search,Home_Goods,0
54583ab379489add547fe47b628db589,baby,online_medium,unknown,Other,0
c846aef46d0aa00378cc6c24fd7fb474,household_utilities,industry,direct_traffic,Home_Goods,1
c092292535a57dacd95a8765f5518f87,construction_tools_house_garden,online_medium,display,Home_Goods,0
00065220becb8785e2cf78355eb9bf68,handcrafted,online_medium,paid_search,Other,0
c70c1b0d8ca86052f45a432a38b73958,health_beauty,online_medium,paid_search,Health_Beauty,0
8ec9a02e1c573e5ebf9133968d9b0042,home_office_furniture,industry,organic_search,Home_Goods,1
a53f60f05f822b5c621a50ff6a5cb362,home_decor,online_big,organic_search,Home_Goods,0
a86bf7a9ba609d0527f10ea8f0a5446c,sports_leisure,offline,unknown,Other,0
88ef59b51bdaa941d10a853429f2b6ce,audio_video_electronics,online_medium,organic_search,Other,0
7d81e74a4755b552267cd5e081563028,construction_tools_house_garden,industry,paid_search,Home_Goods,1
9b1f656ca3060f8af17a50d8a024b533,construction_tools_house_garden,online_medium,organic_search,Home_Goods,0
f50d9d5fa45cba8c1a6b643987810c34,construction_tools_house_garden,online_big,paid_search,Home_Goods,0
f3c747c1913de1af068d8feb79900063,religious,online_small,unknown,Other,0
157497483bb7876340ea4441c9bd1774,pet,industry,organic_search,Other,1
b031973a2fadbc89767531a45ca39e40,health_beauty,offline,unknown,Health_Beauty,0
0255dc67cb6bad298606136951ab1877,computers,online_medium,organic_search,Tech,0
a2d528e2abdf88afe0d245519b3b3d65,car_accessories,industry,email,Auto,1
77a515caa36327151d1cc6c32a9f00e1,stationery,industry,paid_search,Other,1
ba90964cff9b9e0e6f32b23b82465f7b,small_appliances,Unknown,organic_search,Other,0
791a644d62fbd7a1fdabda6fc610bf33,car_accessories,industry,paid_search,Auto,1
df1183c2b82ee7ce304ed60ced00949c,health_beauty,offline,organic_search,Health_Beauty,0
0ffe89723de9b21041556d02e9b21a8b,home_decor,online_medium,unknown,Home_Goods,0
43402bdf22aa2310e8f99e2f94f78628,home_office_furniture,industry,unknown,Home_Goods,1
28f10b1c5e5abb9d4857745bede6147c,audio_video_electronics,online_big,social,Other,0
414cc02d780baaa13439c37bd89641ef,car_accessories,online_medium,paid_search,Auto,0
1961c3e1272bfeceb05d0b78b5bbfdaf,games_consoles,online_medium,unknown,Other,0
68175a6b26cdbc4b3a51ed5353276e4d,home_office_furniture,industry,paid_search,Home_Goods,1
7adbd3210a7b3cc2235e225eef33574d,household_utilities,online_medium,organic_search,Home_Goods,0
0b9164d3b23215d4dfee8a045a3a1b3d,home_decor,offline,other_publicities,Home_Goods,0
7c7d0dee362960b1d9b01fe7284e19ba,home_decor,online_small,social,Home_Goods,0
9f716fbca2fbec913c646e6c60f25b60,health_beauty,industry,unknown,Health_Beauty,1
b8cb8fd0484ee4f796b41e363dcd303d,computers,offline,referral,Tech,0
33cbbec1e7e1044aaf11d152172c776f,household_utilities,online_big,unknown,Home_Goods,0
d82168bc00226dc72728bc957d2539bc,handcrafted,online_small,organic_search,Other,0
97e50a621f8e801f4baf69e08687c192,toys,online_small,social,Other,0
f0ec78809fe0bc3edb11c9fe5b97b059,household_utilities,online_medium,unknown,Home_Goods,0
6ebf4eceee4dd9847201c82e77ef8123,health_beauty,online_beginner,direct_traffic,Health_Beauty,0
02df983480ff75ead8a031a3c7a849ad,phone_mobile,offline,paid_search,Tech,0
594f9aaa48e5bf431f011ddc5669b0d5,bags_backpacks,online_medium,paid_search,Other,0
4675c38ffdf3a0c9e9665f629c5c713b,home_decor,online_medium,paid_search,Home_Goods,0
fb6e76ca64c0cc2c2dee53219e685f4b,games_consoles,online_big,Unknown,Other,0
e504a4e2efaa45cbff7e268a2c58c956,home_decor,industry,organic_search,Home_Goods,1
6b90f847357d8981edd79a1eb1bf0acb,construction_tools_house_garden,online_medium,organic_search,Home_Goods,0
eaeec4fdcdc91ead735718ae9bebcd8e,health_beauty,offline,social,Health_Beauty,0
5a4236931428800e9d9cc04af0987118,household_utilities,online_medium,paid_search,Home_Goods,0
9e96cf88816c531ac19a680a2fdb78a7,home_office_furniture,online_big,organic_search,Home_Goods,0
603bb4eeb3f0927e59e253357a9ca06b,handcrafted,offline,organic_search,Other,0
5e7730e8ae6bffdee755a8d31e6b77a4,small_appliances,industry,paid_search,Other,1
2c2c9832d1bb38c5b0034a3b47d313ee,health_beauty,industry,paid_search,Health_Beauty,1
25ca84afdd32ede184dba55631c55274,computers,online_big,organic_search,Tech,0
08220245c361752c4f7bdc9a39821dbe,car_accessories,online_medium,paid_search,Auto,0
d622a61456dcbf4cc960221e15ac48b7,baby,offline,direct_traffic,Other,0
34fe2ce0770697c1b8b35c13a8e2f7d4,watches,online_beginner,social,Other,0
1832c08bba48a37868d4093259e8c288,home_decor,offline,direct_traffic,Home_Goods,0
d63f306de130e0391d38a792541723b8,car_accessories,online_medium,organic_search,Auto,0
49388b546c8a96b96e9f15b5980b1cd7,bed_bath_table,online_beginner,organic_search,Other,0
596849622429351f47b32e6cae1055ff,phone_mobile,online_medium,unknown,Tech,0
9140ef75cc8211c4035935e80e567204,pet,industry,paid_search,Other,1
7dd3be74c6cd6800d809935ff47bd3bf,health_beauty,offline,Unknown,Health_Beauty,0
5fff4dd813a9fe1ce972a80407e16457,home_decor,online_beginner,unknown,Home_Goods,0
465b4d6f3d04fac8957c6017541df171,health_beauty,online_beginner,unknown,Health_Beauty,0
7614a7c196be837b0eba0a3811e51b29,bed_bath_table,online_big,organic_search,Other,0
63972c86dd9a38da4f3d8b5ccec2ee60,jewerly,offline,organic_search,Other,0
493a261e134421b6d9d997900fa56a5f,construction_tools_house_garden,online_big,unknown,Home_Goods,0
8ff95b78fd27130aef0a3b68b7124c51,party,offline,unknown,Other,0
985c92cc412091f8529c12d7f23d3fef,health_beauty,offline,referral,Health_Beauty,0
76e8c36299440e255379b5fa7f03f272,food_drink,offline,organic_search,Other,0
26677ff8d8321b864317019c728ac010,construction_tools_house_garden,online_medium,email,Home_Goods,0
c7bb64409aa480bb7d0335faaaf3d242,car_accessories,online_big,direct_traffic,Auto,0
1e26c56af8d48424e1df0140a2401f83,construction_tools_house_garden,offline,referral,Home_Goods,0
8c818d927ba4145304edccf74293f8b6,household_utilities,industry,organic_search,Home_Goods,1
daf565f087a52def0fd5c5825b3661bc,home_decor,online_big,organic_search,Home_Goods,0
7ee00840eff17f731c41f35b12184c96,computers,online_beginner,organic_search,Tech,0
9c7fd21e0aa159b20da593371f08ff7c,audio_video_electronics,online_medium,unknown,Other,0
f002671b6ff4042e52a52aaccba44c0e,handcrafted,online_small,paid_search,Other,0
cb141ec6f444a4cb7a2400aaf80b6fc3,health_beauty,online_medium,unknown,Health_Beauty,0
508808d438fe2ff972ed13bb8f4a82e2,home_decor,online_big,social,Home_Goods,0
5084f696554075b9a98403b769f31cd5,home_decor,online_medium,unknown,Home_Goods,0
246eefbebdc0c11402ec404e1589de43,health_beauty,online_small,unknown,Health_Beauty,0
41da412d33e8da4f22baf55cb1bde82c,food_supplement,industry,paid_search,Other,1
8c4e430c5e662c328d3c84d334871709,pet,online_beginner,social,Other,0
cfe94489ddd337d1e29e12f2a7205d10,construction_tools_house_garden,online_medium,unknown,Home_Goods,0
c611f4ce9ce875bcc063fa97fd4d7d12,construction_tools_house_garden,online_medium,Unknown,Home_Goods,0
376643e536ea9ab265065925112a876a,household_utilities,industry,organic_search,Home_Goods,1
b28c0625f1f26655cfa0f370be1164ac,food_supplement,online_medium,paid_search,Other,0
196964603e568f36848694f9274a2acd,music_instruments,online_small,unknown,Other,0
189ca3538ce9f920cacf0f982cbe223b,stationery,online_medium,paid_search,Other,0
7877194d40c496d36a88ae5957c5e7d1,car_accessories,industry,direct_traffic,Auto,1
9ffca1681e7428db3d75eb4b69ee9599,health_beauty,online_medium,organic_search,Health_Beauty,0
382229d1e840115ffe3dbf5ff460e417,household_utilities,online_big,organic_search,Home_Goods,0
5bc24d989e71e93c33e50a7782431b0e,car_accessories,online_medium,paid_search,Auto,0
5e063e85d44b0f5c3e6ec3131103a57e,health_beauty,online_big,organic_search,Health_Beauty,0
164471825a8de8c31eb8cb9375b27243,computers,online_medium,unknown,Tech,0
bd585fa4d871cd7600ec8a2b90c57a4e,car_accessories,online_medium,paid_search,Auto,0
698f5fa55a5f73d0740e9d9a773e8093,health_beauty,offline,paid_search,Health_Beauty,0
0f5f7caa3e6a2b466fabe6bfaf25b06b,audio_video_electronics,online_medium,paid_search,Other,0
e1dc0754bada9ee4cfe9713f22f61292,toys,online_medium,organic_search,Other,0
e58a5b390e28abc0b216cfb0e07d27d7,bags_backpacks,online_medium,organic_search,Other,0
588e81a6924bcffd4e366453885e72b1,audio_video_electronics,online_medium,paid_search,Other,0
aae5e7b457a3c72ee230a47d98fceda5,bed_bath_table,industry,paid_search,Other,1
dfa0c4c6229ab200a4a1336b4d7128ff,home_decor,online_medium,paid_search,Home_Goods,0
a31ed365258882cc2a1e25d6710704ea,audio_video_electronics,online_medium,social,Other,0
53088c75f948b48a7ece173ac17f0c12,health_beauty,offline,unknown,Health_Beauty,0
eada4a0629faf243de4159916c10cd1a,health_beauty,online_big,other_publicities,Health_Beauty,0
0c1d290fe8e252b31ebc2ead30634efc,health_beauty,online_medium,organic_search,Health_Beauty,0
c33e6d3ad32fd5bec1b0f2522f668213,other,other,organic_search,Other,0
fd5564b7d093f9d64d1a5f223dfe43bc,car_accessories,offline,unknown,Auto,0
2e311c110b108aece4a48ab7165f28b3,household_utilities,online_medium,referral,Home_Goods,0
da43bc6766501a2ad1aba35b09b7c9ac,watches,offline,organic_search,Other,0
4a4da369ad50f14d48337aa52eb826f5,health_beauty,online_medium,Unknown,Health_Beauty,0
05e107217c7266362fd44b75b2cd4cc4,stationery,online_medium,organic_search,Other,0
7f49fc7a8336278ab1287ed28d565258,food_supplement,industry,unknown,Other,1
c510bc1718f0f2961eaa42a23330681a,baby,online_big,unknown,Other,0
ae1e6f638fc33a9cdbc2871bf60c6635,home_decor,online_medium,direct_traffic,Home_Goods,0
4c1c7281388a33dd06daac44f9fadbd1,stationery,online_medium,social,Other,0
85ecf03781da592876b7844acc1b729f,health_beauty,online_medium,organic_search,Health_Beauty,0
968268a686aa05d1f529fb07dff08130,stationery,online_big,referral,Other,0
ae0728a2cb289dec6d1ceb0b7d6b82c5,health_beauty,online_medium,paid_search,Health_Beauty,0
8cd5c90bb5fe7f2d779c81bfd6d9ffcf,health_beauty,online_medium,paid_search,Health_Beauty,0
2d2f1c1a4f518137df3e4d8d5f57beae,health_beauty,online_beginner,organic_search,Health_Beauty,0
106ebccfb024488d2dd7aac29c9a20a3,computers,online_beginner,organic_search,Tech,0
e250d617a0ad591ba9bd663e584a895d,home_decor,online_beginner,organic_search,Home_Goods,0
1ab0c07336fcfada1d031cf1c9718ca7,health_beauty,online_big,organic_search,Health_Beauty,0
53be10ff134691e94a4089b41c75874f,construction_tools_house_garden,online_small,Unknown,Home_Goods,0
aa3d06427142ec11df8f7df0e159b71a,household_utilities,industry,organic_search,Home_Goods,1
50ca38cf4312fde2e0d35f6169208b54,home_decor,offline,email,Home_Goods,0
7c51de0ab286204ce75ff42bf7c10d92,food_supplement,online_medium,direct_traffic,Other,0
6a53b90c3ad9e0b56d9fe5c69165fff5,fashion_accessories,online_medium,organic_search,Other,0
e10575e8e45d5d8cedfc60d838ac286b,gifts,online_medium,unknown,Other,0
11742f81550ac064cc9a40f67151d9ad,home_appliances,online_medium,paid_search,Home_Goods,0
429e2324ee8c0a95b565f78b465e8a07,fashion_accessories,online_beginner,email,Other,0
e94b64dc6979b302a5a5be1662c83bb6,home_decor,online_medium,organic_search,Home_Goods,0
52c53edae0e04256ecf6c407608e7e09,stationery,industry,unknown,Other,1
45a9bd664803609f452cce925e21d24d,car_accessories,online_big,organic_search,Auto,0
1444c08e64d55fb3c25f0f09c07ffcf2,car_accessories,online_beginner,organic_search,Auto,0
99d4602ff2c719a03c6d8df853ebedf8,household_utilities,industry,paid_search,Home_Goods,1
d449188091598bf0dbd32c312570f168,audio_video_electronics,offline,social,Other,0
a267686cbbbfe674d0834d3ad95df5bb,health_beauty,industry,unknown,Health_Beauty,1
9f15313cc96cd611d45e63eab4170bf1,car_accessories,online_medium,social,Auto,0
a1617fea9bff799a4d5b3db7a7baa713,audio_video_electronics,online_medium,social,Other,0
5f57db27027655e6c6a391601daa0258,household_utilities,online_medium,paid_search,Home_Goods,0
eb9267cccc90f1b49c8d2f9887c7dd97,sports_leisure,online_medium,organic_search,Other,0
abbc2aa191ecd8fbb5be1701d7bb6ef4,sports_leisure,offline,organic_search,Other,0
ce616e1913288884e7742faac9d981db,construction_tools_house_garden,online_big,direct_traffic,Home_Goods,0
65b6aa01895e9ddce79b482da06dda9d,toys,online_medium,unknown,Other,0
8ed21f7ffec3a30e915d8e85eb3c4f72,bed_bath_table,online_medium,paid_search,Other,0
6a87cbc1ebb8046bb3a851059feb6df3,home_decor,online_beginner,organic_search,Home_Goods,0
88cf19ec1fc2c58f161aee259d57142c,household_utilities,online_big,organic_search,Home_Goods,0
1c16af6213cf83914774c6490065da81,bed_bath_table,online_medium,unknown,Other,0
0b1ca3ef18a63d7eb0c8897fa0849c08,health_beauty,industry,organic_search,Health_Beauty,1
f3c38ab652836d21de61fb8314b69182,computers,online_small,paid_search,Tech,0
d598f929fc44e1e38678e7f47250ec04,car_accessories,industry,organic_search,Auto,1
f1fd6779d8d9afe83f4135a22903f22b,pet,industry,unknown,Other,1
36637850ddda5031f5bcf5499dd955a3,household_utilities,online_medium,unknown,Home_Goods,0
134c69b4dff67e40a022dd8bf81e002e,construction_tools_house_garden,offline,paid_search,Home_Goods,0
34f563c82a85b99ae9e6d60db5fc2e28,audio_video_electronics,online_medium,organic_search,Other,0
a7a9b880c49781da66651ccf4ba9ac38,bed_bath_table,offline,paid_search,Other,0
bf1f3d5402ed867f05bed505a3b2a05a,sports_leisure,offline,unknown,Other,0
ba87e2cbb33c1412290b8ccc37301672,food_drink,industry,Unknown,Other,1
28872dc528e978a639754bc8c2ce5a4c,household_utilities,online_medium,paid_search,Home_Goods,0
758fbe94c656fc484d204e7d60808484,construction_tools_house_garden,online_medium,direct_traffic,Home_Goods,0
64c9a1db4e73e19aaafd3286dc448c96,household_utilities,online_medium,organic_search,Home_Goods,0
271c58a1d139c45eaf3316107c6d3a3b,bags_backpacks,online_beginner,organic_search,Other,0
6548c2550b6e2d8f18053216e1c7b6f3,household_utilities,online_medium,organic_search,Home_Goods,0
41b14765bd56c8ad10971074380f9c0c,computers,industry,paid_search,Tech,1
85222e25007ce95bf79c00f643d1e436,health_beauty,offline,organic_search,Health_Beauty,0
6eeed17989b0ae47c9f11ece6f38ea90,car_accessories,online_medium,unknown,Auto,0
e5d7bbbca541b3b39e1649f94074b963,health_beauty,online_big,Unknown,Health_Beauty,0
843c73eda46e28b278031033b616bc8e,home_decor,industry,paid_search,Home_Goods,1
876300c1c122f7fafd3ba74a478221f4,audio_video_electronics,online_medium,paid_search,Other,0
8f28d70a98ca556691300d08ebdddc88,home_decor,online_big,paid_search,Home_Goods,0
99cd94252748d2bdde08e17858233602,pet,online_medium,social,Other,0
6f83d9e4da896daae20b9b6b2d3ff8d2,household_utilities,industry,organic_search,Home_Goods,1
e6341a38a2e15b8834ac0410015547e4,health_beauty,industry,unknown,Health_Beauty,1
0b7589387392dd2e2458f86606aa2a99,car_accessories,online_medium,organic_search,Auto,0
dc50afafdfa325eadc890c7fa42a8f4e,audio_video_electronics,online_big,Unknown,Other,0
75e645bd511287258a5afc20acd4e338,bags_backpacks,offline,social,Other,0
af3ef48d0e13835e529c29ac573c63e5,pet,online_top,unknown,Other,0
535bf14f36346c7f59d87cece104d70c,home_decor,online_medium,paid_search,Home_Goods,0
7e165d0fd266781dbf944faf150e265b,home_decor,online_big,organic_search,Home_Goods,0
da3b4c4b11a5be0f29634d1e6bb7dce0,health_beauty,online_medium,direct_traffic,Health_Beauty,0
5dc203c7b84a0e71e878a179de05fb9a,construction_tools_house_garden,industry,organic_search,Home_Goods,1
710b15ab273348b3db04d636937061c3,household_utilities,online_medium,unknown,Home_Goods,0
88cd3681e0a2ba85e190f7d817629c4c,car_accessories,online_big,paid_search,Auto,0
b586cd24c010a13916af621b0325fbba,home_decor,online_beginner,organic_search,Home_Goods,0
fe3d2c21fe1b15298d60a0792621ddf8,car_accessories,industry,organic_search,Auto,1
6836558ca75302628900564ce7c67cf9,fashion_accessories,online_top,organic_search,Other,0
7c8a7bb451a5a4e8813352670a8b9a22,household_utilities,online_medium,paid_search,Home_Goods,0
df6a52d41f39ce14aa6df3af06e98e71,health_beauty,online_medium,direct_traffic,Health_Beauty,0
6cbd0872de0e3e92a1b90f229aac6e61,home_decor,online_medium,unknown,Home_Goods,0
d566c37fa119d5e66c4e9052e83ee4ea,sports_leisure,online_big,organic_search,Other,0
e116c7455dd26a4d8c3e92532583905f,health_beauty,online_big,unknown,Health_Beauty,0
611aa09794938387efe774f5abf64c03,home_decor,online_medium,organic_search,Home_Goods,0
bf00385a5f7fc1ef39a13c2e9ee50a5f,audio_video_electronics,online_big,social,Other,0
27bcbf1bcae4a9c14c54627933160f37,home_decor,industry,organic_search,Home_Goods,1
dbc7e4c98a58fa8731412f4da2f43cb4,household_utilities,online_beginner,paid_search,Home_Goods,0
7aa286758114fcd93df587a1e23301ed,handcrafted,online_medium,organic_search,Other,0
818d9691c76fabaf6b491f6a9baefad9,home_decor,online_big,organic_search,Home_Goods,0
a46cc8988e2dc21616cc0b2cec80be4b,construction_tools_house_garden,industry,unknown,Home_Goods,1
bb2eca0468c9088bd9a146c8d6c72e0b,construction_tools_house_garden,online_beginner,organic_search,Home_Goods,0
623ad9d0c1e14bb5464a8c72bff7b4af,household_utilities,online_big,paid_search,Home_Goods,0
639541c9c4a8a5b34424cac6f81f6be7,phone_mobile,online_medium,unknown,Tech,0
649d307ba392e2cc6cedc7888f51923d,car_accessories,offline,unknown,Auto,0
fadb07c842a2aef5d5a676b85f220e71,sports_leisure,online_medium,unknown,Other,0
3786da2e9afd5d55617521bd1685dec0,toys,online_medium,organic_search,Other,0
b7bff8fe73a12a5e844c7d83ee1202ff,small_appliances,online_small,paid_search,Other,0
09175f552e7526624e8100bdc8d0c92d,food_drink,offline,social,Other,0
a64e44665225d19dfc0277eeeaaccc57,food_supplement,online_medium,unknown,Other,0
6b3bd31ad8fcda4b2635ec9f3ff2ecdf,food_supplement,online_small,paid_search,Other,0
a84e05448dd8286412b96fddf603db26,sports_leisure,online_medium,unknown,Other,0
213fafb0ca06fb3d5886579c2565791b,audio_video_electronics,online_big,Unknown,Other,0
2a17b229ca84523393b003b7e0bfae63,toys,online_small,organic_search,Other,0
e0a3c37054ade6478d923a6efc10f308,baby,online_beginner,paid_search,Other,0
8fb67a334bacec338885b4e9e1708073,home_decor,online_medium,paid_search,Home_Goods,0
4a23adac87cf538689fa600d976f78b2,health_beauty,industry,paid_search,Health_Beauty,1
76ea5315acb3f5f7ade3cd261faf922a,car_accessories,online_big,paid_search,Auto,0
741eb1606348f827baeb4c099fcf1bdd,food_supplement,offline,organic_search,Other,0
f88adb15807168d3c43d71021090ce4a,gifts,online_medium,paid_search,Other,0
a359ed4a476430e29909d1415ecacb1d,home_decor,online_medium,Unknown,Home_Goods,0
54c04bdb5ec46762f8f08c7e8f86ed4a,food_supplement,online_medium,organic_search,Other,0
8476243f92442881ddd5b578975cf115,audio_video_electronics,online_big,unknown,Other,0
09bad886111255c5b5030314fc7f1a4a,handcrafted,offline,unknown,Other,0
8b286dd43c391bc2d763668067eca963,food_supplement,industry,organic_search,Other,1
07a9a154056e210f17bbacd5e30c024c,bed_bath_table,industry,unknown,Other,1
f0418a194da21de7cd01336b10be11a7,construction_tools_house_garden,industry,social,Home_Goods,1
fcc29f9f37cfd89db0038d8de7f97f08,sports_leisure,online_big,organic_search,Other,0
01266d4c46afa519678d16a8b683d325,construction_tools_house_garden,online_small,unknown,Home_Goods,0
297be0a3c196d803e4e4f013432be4e1,home_decor,online_beginner,social,Home_Goods,0
9ba337a47628f9761b6bb3939a3f97a9,home_decor,industry,direct_traffic,Home_Goods,1
1a47a5831effd926ad6bee7ab8beb86c,home_decor,online_medium,organic_search,Home_Goods,0
1cd757f0f38c0847a2f05717d18b8d92,computers,industry,social,Tech,1
9cf787a239c1aa29dbd76f153dc13f9a,fashion_accessories,online_medium,unknown,Other,0
1a932caad4f9d804097d7f8e615baed1,construction_tools_house_garden,industry,unknown,Home_Goods,1
b2d462f41b6b46b0569b20a8a4ebfcae,health_beauty,online_medium,paid_search,Health_Beauty,0
7e1f0755f1c75e301dfa37c21fd01efe,other,other,paid_search,Other,0
ae9cf62cf691b753d4f0d3d40731cc3c,health_beauty,online_medium,paid_search,Health_Beauty,0
0cab2da43793a6f3c5ed8514c5f54627,bags_backpacks,offline,Unknown,Other,0
0d7d5bca59d45d750fb7913b974e9d08,construction_tools_house_garden,online_big,unknown,Home_Goods,0
708cc2c4ffdd3307d5cdee0d7387307b,audio_video_electronics,online_medium,paid_search,Other,0
7210cd29727d674c00741e5e387b3ccd,car_accessories,online_medium,social,Auto,0
05a48cc8859962767935ab9087417fbb,fashion_accessories,online_beginner,unknown,Other,0
c65fb4ec11e8d18c95ef150885418aea,household_utilities,online_beginner,social,Home_Goods,0
3ffabd7292c755d5cebe5b2d6350b850,phone_mobile,online_big,paid_search,Tech,0
9d681c7e12db302cb261e721040dde65,sports_leisure,online_small,organic_search,Other,0
d984b175957d0e67bc5bf232285ac792,books,online_medium,organic_search,Other,0
f4d969837a2957bb052a71af7d39fc91,bed_bath_table,online_beginner,other,Other,0
f1340f6d3347d9fae747fc3d236a2e41,car_accessories,online_medium,organic_search,Auto,0
4eeb99008a0f59d2c7759c59f9a346eb,audio_video_electronics,online_medium,paid_search,Other,0
c013e57c075a06e5b5c48ee03c525719,pet,online_medium,social,Other,0
b9ec22de23f18567de0e09d776ca0309,stationery,online_medium,unknown,Other,0
f46490624488d3ff7ce78613913a7711,health_beauty,online_big,other,Health_Beauty,0
7bfe1c6d7a61cccc48bbbebe206390a9,household_utilities,online_medium,paid_search,Home_Goods,0
a9f81449e8f8a47f6c67e5a43b40ed04,food_drink,industry,unknown,Other,1
7c9130f5f3729edd32aa059141d92484,computers,Unknown,organic_search,Tech,0
2a1a7b9bb186aba4e126ec76f9607237,computers,offline,display,Tech,0
eeb3e4d4f423780ab2acfe23ea0d5e49,food_supplement,online_small,paid_search,Other,0
b6392ab5fdb153fb3c6c7c0e174cdc29,audio_video_electronics,online_medium,organic_search,Other,0
33dd941c27854f7625b968cc6195a552,household_utilities,online_medium,email,Home_Goods,0
c70a353f02429c00775a46a75fb787da,health_beauty,online_medium,social,Health_Beauty,0
4fe2f67634d00c021aa01f96b6f2d68e,food_supplement,online_small,organic_search,Other,0
b21768cfefb49b94e9bcd38037e93d1f,car_accessories,online_medium,organic_search,Auto,0
bfcc27719640628da877db48b672b169,home_decor,offline,organic_search,Home_Goods,0
4a82eab98441aeb64566e2776c1fb2b6,construction_tools_house_garden,online_big,organic_search,Home_Goods,0
55031883943971ca22db6894574cfe2c,computers,online_medium,paid_search,Tech,0
c0e933c238e41f0cd459d6025ee9b364,pet,online_beginner,social,Other,0
1bba9c94eb5c4e82fba9f7286fe81025,household_utilities,industry,direct_traffic,Home_Goods,1
